{
  "defaultSeverity": "warning",
  "extends": ["tslint:recommended"],
  "linterOptions": {
    "exclude": ["node_modules/**"]
  },
  "rules": {
    "quotemark": [true, "double"],
    "indent": [true, "spaces", 2],
    "interface-name": false,
    "ordered-imports": false,
    "object-literal-sort-keys": false,
    "no-consecutive-blank-lines": false,
    "no-empty-interface": false,
    "no-console": false,
    "no-shadowed-variable": false,
    "no-empty": false,
    "semicolon": false,
    "trailing-comma": false,
    "variable-name": false,
    "max-line-length": [false],
    "object-literal-shorthand": true,
    "no-unused-expression": [true, "allow-fast-null-checks"]
  }
}
